{
    "score": -0.32958801498127344,
    "exact_accuracy": 0.0,
    "accuracy": 0.2449438202247191,
    "hallucination": 0.5745318352059925,
    "missing": 0.1805243445692884,
    "n_miss": 241,
    "n_correct": 327,
    "n_correct_exact": 0,
    "total": 1335
}