{
    "score": -0.3565543071161049,
    "exact_accuracy": 0.0,
    "accuracy": 0.2554307116104869,
    "hallucination": 0.6119850187265917,
    "missing": 0.13258426966292136,
    "n_miss": 177,
    "n_correct": 341,
    "n_correct_exact": 0,
    "total": 1335
}